#Measurement, Acceleration X, Acceleration Y, Acceleration Z, Rotation Alpha, Rotation Beta, Rotation Gamma, Orientation Alpha, Orientation Beta, Orientation Gamma 
1, 0.36708223819732666, 0.893946647644043, -0.37206196784973145, 0.356964111328125, -0.08868408203125, 0.26531982421875, 68.94126396577748, 67.3991360038757, 15.53825682342658 
2, 0.25978612899780273, 0.0024347305297851562, -1.2038109302520752, 0.40289306640625, 0.18475341796875, 0.11578369140625, 86.9665628980611, 77.59539233949731, 4.5031757410917175 
3, 0.15668851137161255, 0.056426048278808594, -1.6256402730941772, 0.41998291015625, 0.405853271484375, -0.007049560546875, 99.06093105412828, 82.65190524836142, -3.2733270352162265 
4, 0.11681044101715088, 0.2689657211303711, -0.27373597025871277, 0.13372802734375, -0.08441162109375, 0.010040283203125, 104.51590238797044, 87.05230528925921, -4.179771114849271 
5, 0.7144109606742859, -0.1992788314819336, 0.49530211091041565, 0.09100341796875, -0.491363525390625, -0.094635009765625, 117.22200527878734, 87.66359475090799, -18.3449335012911 
6, 0.5214223265647888, -0.0639352798461914, 0.1240631639957428, -0.107666015625, -0.064117431640625, -0.14697265625, 119.87346136120989, 87.55847883735792, -24.971550070538253 
7, 0.8535516262054443, 0.07939338684082031, 0.0686224102973938, -0.0435791015625, -0.023529052734375, -0.13629150390625, 109.03506093240156, 86.97417879465038, -15.072347018629792 
8, 0.7617155313491821, -0.07873725891113281, -0.3797289729118347, -0.311676025390625, -0.02886962890625, -0.28155517578125, 102.66750379999698, 86.57468733821305, -9.046865498303633 
9, -1.704965591430664, 0.12593841552734375, -1.0445128679275513, -0.85107421875, -0.192291259765625, -0.07861328125, 84.11574126362707, 84.42201912565872, 9.865101848901029 
10, -0.761061429977417, 1.1594600677490234, 1.268390417098999, -1.540008544921875, 0.07366943359375, -0.1640625, 81.92895725365477, 79.0541964995766, 10.430972951169514 
11, -1.010108470916748, -2.11141300201416, 0.9250078201293945, -0.74639892578125, 0.074737548828125, -0.292236328125, 80.8435634108435, 68.96315646130186, 11.324001376261519 
12, -1.1463425159454346, -0.8135404586791992, -0.10594010353088379, 0.27044677734375, 0.1783447265625, -0.11279296875, 79.86205790858332, 66.38342730297535, 12.783003972683337 
13, -1.1826053857803345, -1.0308570861816406, 0.09952950477600098, 0.557769775390625, -0.512725830078125, 0.042083740234375, 76.56122760834464, 67.78219390065257, 16.619403691049285 
14, -0.23263084888458252, -0.4973106384277344, -0.9600133895874023, -0.16107177734375, 0.089691162109375, -0.018798828125, 74.060352373471, 70.04510067926275, 16.890450571180597 
15, 0.5700163245201111, -1.8713417053222656, -0.42052793502807617, -1.3338623046875, -0.141021728515625, 0.520599365234375, 77.55900545977723, 65.37057628462253, 12.256626514482718 
16, 0.06396016478538513, -1.1099157333374023, -0.49147844314575195, -1.372314453125, 0.07794189453125, 0.621002197265625, 85.09935137249191, 58.532282132590964, 6.705243414268063 
17, 0.5758789777755737, -0.4833087921142578, 0.42982959747314453, -1.715179443359375, 0.01812744140625, 0.364654541015625, 91.81860440897516, 48.53602894450204, 1.0695070644969569 
18, 0.7863258123397827, -0.4604949951171875, -0.36666059494018555, -1.548553466796875, -0.2232666015625, 0.44049072265625, 95.65065617792784, 39.62707312132199, -3.105001591025418 
19, 0.606269896030426, -0.8184332847595215, -0.38544559478759766, -1.766448974609375, 0.209320068359375, 0.475738525390625, 97.69868664560234, 28.088809937693753, -5.533226662677539 
20, 0.6347313523292542, -0.18289470672607422, 0.3382101058959961, -1.6243896484375, -0.1805419921875, 0.565460205078125, 99.64691663004135, 17.683731746078873, -5.551406570015593 
21, 0.9205732345581055, -0.3371240496635437, 1.6157875061035156, -1.45989990234375, 0.11212158203125, 0.48748779296875, 102.39498823931892, 6.5371006079829845, -6.850487363683971 
22, 1.2923654317855835, -0.7408939599990845, 3.2881546020507812, -0.8724365234375, -0.091888427734375, 0.287750244140625, 104.28105516817006, -1.314064301042289, -6.717960078373886 
23, 1.4316513538360596, -0.9490627646446228, 4.436985969543457, 0.436004638671875, -0.30230712890625, 0.38067626953125, 106.80609385926938, -4.2693799049163506, -7.746546788290624 
24, 0.9111455678939819, -0.5313239693641663, 2.5954771041870117, 1.64190673828125, -0.16986083984375, -0.308258056640625, 110.56754921384008, 1.5178047812691449, -9.589048260089411 
25, 0.20654833316802979, -0.30251288414001465, 0.7357912063598633, 2.1396484375, -0.380279541015625, -0.729095458984375, 110.80777997241994, 12.192866192323285, -10.75338524711983 
26, 0.20669567584991455, -1.219799518585205, -0.5085773468017578, 2.0328369140625, -0.2403564453125, -0.987579345703125, 108.12375373588957, 29.65321682921912, -12.619317442668363 
27, 0.3613150119781494, -1.512071132659912, -1.5300517082214355, 1.8106689453125, 0.276611328125, -1.0057373046875, 103.22330422954052, 41.65373569055854, -10.76658212598207 
28, 0.032445311546325684, -2.860203742980957, -0.27155017852783203, 1.792510986328125, -0.115386962890625, -0.890380859375, 97.41832707019998, 52.49881994742963, -5.075954357825457 
29, 0.08302612602710724, -2.2153005599975586, -0.8898673057556152, 1.672882080078125, -0.37066650390625, -0.447113037109375, 90.49311367519589, 62.63330521842211, -0.6672044031280983 
30, -1.4579837322235107, -0.9601268768310547, -1.6125257015228271, 0.579132080078125, 0.019195556640625, -0.165130615234375, 83.94449446651333, 70.54523036778, 2.8136758229249708 
31, -1.7263269424438477, -0.41991710662841797, -1.5551841259002686, -0.916229248046875, 0.288360595703125, 0.33154296875, 81.57752894367486, 70.77730890372118, 3.897630821980143 
32, -0.01573549024760723, -0.33487892150878906, -1.8702092170715332, -1.183258056640625, 0.230682373046875, 0.554779052734375, 85.8631136978159, 65.02513094859022, 0.4783907538239056 
33, -0.06167544424533844, -0.04148292541503906, -2.4668097496032715, -1.5047607421875, 0.119598388671875, 0.36358642578125, 89.47674552341884, 56.93908123644974, -1.1771259809336052 
34, 0.3786952495574951, -0.1379680633544922, 0.918673038482666, -1.401153564453125, -0.32794189453125, 0.183074951171875, 91.91134084670132, 46.283636030050594, -2.9726740717914244 
35, 0.7231732606887817, 0.36576128005981445, 0.8738698959350586, -1.37017822265625, -0.1207275390625, 0.36572265625, 93.14285065680157, 38.35079017487849, -5.37793354159588 
36, -0.14922332763671875, 0.030525684356689453, 0.37432003021240234, -1.392608642578125, 0.20611572265625, 0.36358642578125, 94.97327347697161, 28.57056606431918, -6.633404538151552 
37, 0.49794185161590576, -0.11193609237670898, 1.2550411224365234, -1.366973876953125, 0.080078125, 0.445831298828125, 96.32564466666734, 20.50835726686498, -6.658179521360244 
38, 0.07322275638580322, 0.28575706481933594, 0.9975833892822266, -1.243072509765625, 0.108917236328125, 0.411651611328125, 98.24680876257275, 12.568193461879487, -6.267225277511682 
39, 0.6240681409835815, 0.07754170894622803, 1.3942794799804688, -1.0689697265625, 0.081146240234375, 0.148895263671875, 99.79579141050898, 5.443992862544049, -5.532087236625499 
40, 1.6066597700119019, -0.7057451009750366, 3.954662322998047, -0.3341064453125, -0.14849853515625, 0.054901123046875, 100.49766521589108, -0.17731135354054983, -5.739552108799848 
41, 1.4400744438171387, -0.5608212947845459, 3.57553768157959, 0.968994140625, -0.22967529296875, 0.1478271484375, 102.16840166980451, 0.846106775120809, -7.013077944112639 
42, 0.8229105472564697, -0.014539599418640137, 2.0017480850219727, 1.6654052734375, -0.1378173828125, -0.248443603515625, 104.23475450874564, 7.837087868358256, -8.194084724956907 
43, 0.20066285133361816, -0.4588475227355957, 0.6310348510742188, 2.07342529296875, -0.305511474609375, -0.70025634765625, 104.40597316981548, 18.4299162117844, -9.121203933003873 
44, 0.2012615203857422, -1.2185344696044922, -0.6595010757446289, 1.978363037109375, -0.271331787109375, -0.8092041015625, 102.23046895176876, 31.33525688355487, -10.457574589525281 
45, 0.17586565017700195, -1.7938742637634277, -0.7541413307189941, 1.5885009765625, 0.20611572265625, -0.71307373046875, 97.38012679160653, 44.42815075698049, -8.886891232822345 
46, -0.32188594341278076, -1.9481048583984375, -0.6129913330078125, 1.546844482421875, 0.1099853515625, -0.466339111328125, 92.40758940546395, 55.506831443528895, -4.069962405693612 
47, 0.03354458510875702, -1.5654001235961914, -0.739760160446167, 1.495574951171875, -0.10577392578125, -0.538970947265625, 86.89158445568177, 64.37723803162542, 1.0100325600514395 
48, -0.7875335216522217, -0.9698657989501953, -1.716231107711792, 0.92413330078125, -0.132476806640625, -0.195037841796875, 77.00895929135639, 72.25488419017583, 9.244111247846275 
49, -2.146185874938965, -0.04283332824707031, -2.636277914047241, -0.337310791015625, -0.230743408203125, 0.00042724609375, 68.24679721137716, 76.24523469358697, 15.929122094315183 
50, -0.17219308018684387, -0.8068475723266602, -1.1400935649871826, -1.21636962890625, 0.44537353515625, 0.330474853515625, 71.77826009075052, 72.9397210829624, 10.425755313600492 
51, -0.37119966745376587, -0.97308349609375, -0.32549571990966797, -1.3167724609375, -0.04595947265625, 0.324066162109375, 79.1913450092077, 66.59087301344839, 5.58931856328638 
52, -0.23892419040203094, -1.0324974060058594, -1.2528395652770996, -1.80810546875, 0.098236083984375, 0.3443603515625, 83.69812595092614, 58.89866559981945, 2.907110276352324 
53, -0.35355085134506226, -1.5820651054382324, -0.6821413040161133, -1.71624755859375, -0.17626953125, 0.223663330078125, 86.2375680639955, 49.23192554017914, 0.7057148263748382 
54, -0.1590302586555481, -0.5796675682067871, 0.05141115188598633, -1.465240478515625, -0.474273681640625, 0.407379150390625, 88.93425434880827, 40.03484186128994, -2.9960841319494063 
55, 0.18881118297576904, -0.12422513961791992, 0.8035497665405273, -1.30181884765625, 0.004241943359375, 0.488555908203125, 91.8028615116871, 28.565569311214322, -6.648284219920778 
56, 1.8139328956604004, -0.25421929359436035, 1.3816289901733398, -1.19927978515625, 0.247772216796875, 0.061309814453125, 93.61596374073127, 20.644884036996565, -6.429539832775587 
57, 0.6081337928771973, 0.5186488628387451, 0.7156171798706055, -1.035858154296875, -0.068389892578125, 0.1990966796875, 93.76009810488011, 12.419625881296767, -4.875396051494415 
58, 1.21832275390625, -0.7242745161056519, 1.9203224182128906, -0.7442626953125, -0.085479736328125, 0.138214111328125, 94.74200415825152, 6.698144780080309, -5.511810863476494 
59, 1.1652929782867432, -0.5845805406570435, 3.1303319931030273, 0.034393310546875, -0.11859130859375, 0.123260498046875, 95.80908333464282, 3.2597739127894583, -5.897835416038612 
60, 0.7788556814193726, -0.09343981742858887, 2.8122730255126953, 1.074737548828125, -0.098297119140625, -0.115997314453125, 97.3094634406624, 4.8773209452865265, -6.603243575535896 
61, 0.25585150718688965, -0.4310634136199951, 1.7629384994506836, 1.960205078125, -0.37066650390625, -0.524017333984375, 98.11197249955704, 13.599551936727982, -7.441769739825388 
62, 0.22894906997680664, -0.15770626068115234, 0.13392066955566406, 2.2379150390625, -0.448638916015625, -0.48236083984375, 97.15400702598131, 25.993865952112884, -9.547576303177056 
63, 0.053301453590393066, -1.1832537651062012, -0.7762088775634766, 1.771148681640625, 0.166595458984375, -0.66607666015625, 95.48411910043696, 38.3343137543629, -10.331463826268529 
64, -0.3851237893104553, -1.3611030578613281, -0.40981197357177734, 1.48382568359375, 0.26806640625, -0.394775390625, 91.75021399167501, 48.33326666656816, -6.539339862744119 
65, -0.036955177783966064, -1.837275505065918, -0.32840728759765625, 1.3876953125, 0.008514404296875, -0.573150634765625, 88.65304823238881, 58.60224119203196, -2.94554400897575 
66, 0.2733791768550873, -1.5182809829711914, -0.7615728378295898, 1.00531005859375, -0.096160888671875, -0.52081298828125, 80.33151690027204, 66.16871590670766, 4.40909338710071 
67, -1.6931557655334473, 0.21074295043945312, -1.9030985832214355, 0.4263916015625, -0.096160888671875, 0.09014892578125, 72.51651033567835, 72.20852049191313, 10.731442231076809 
68, -0.43797290325164795, -0.3787193298339844, -1.546036958694458, -0.728240966796875, -0.0694580078125, 0.26318359375, 70.88208141086145, 71.27207596971517, 10.739902028836491 
69, -1.1782993078231812, -0.9109525680541992, -0.4874081611633301, -1.268707275390625, 0.480621337890625, 0.27813720703125, 76.86094267593192, 67.12925592858994, 5.869642472966186 
70, 0.9790787696838379, -0.7814226150512695, -1.013441562652588, -1.499420166015625, -0.24676513671875, 0.32086181640625, 81.62331198589808, 58.47131694820662, 2.878884577596773 
71, -0.23578199744224548, -0.6693472862243652, -1.3649201393127441, -1.469512939453125, -0.07373046875, 0.170257568359375, 84.48649484830088, 49.07336972789518, 0.5544195362698504 
72, -0.3492794930934906, -0.9208836555480957, 0.7975192070007324, -1.19500732421875, -0.55010986328125, 0.565460205078125, 86.0465911587642, 40.1733700092822, -1.3160827699662108 
73, 0.9258812665939331, -0.2776918411254883, 0.7953090667724609, -1.328521728515625, -0.008575439453125, 0.601776123046875, 88.62584379534796, 32.48566850784178, -5.467140104225749 
74, -0.07522213459014893, 0.4048936367034912, 0.8208389282226562, -1.19927978515625, 0.2552490234375, 0.3785400390625, 88.62584379534796, 32.48566850784178, -5.467140104225749 
75, 0.2092614769935608, 0.4383089542388916, 1.0032615661621094, -1.065765380859375, 0.21466064453125, 0.212982177734375, 93.57713688411275, 14.20331755816229, -5.856968983234592 
76, 0.5549995303153992, -0.0800478458404541, 1.1262283325195312, -0.779510498046875, -0.01605224609375, 0.108306884765625, 94.5848139218398, 8.554056864234399, -5.0693021183232405 
77, 1.1419756412506104, -0.5271344184875488, 2.706483840942383, -0.040374755859375, -0.0865478515625, 0.0025634765625, 95.56202443258739, 4.64776083452558, -4.979778290082891 
78, 1.1002334356307983, 0.10114467144012451, 2.9988584518432617, 0.84722900390625, -0.1121826171875, 0.003631591796875, 96.37887386497997, 5.896094337429582, -5.7082613120768135 
79, 0.2626185417175293, 0.09283232688903809, 1.7455997467041016, 1.606658935546875, -0.116455078125, -0.201446533203125, 97.74502096205346, 12.44656585689646, -6.4939225688170215 
80, -0.08867943286895752, 0.14742040634155273, 0.3786640167236328, 2.025360107421875, -0.3685302734375, -0.519744873046875, 97.71896562456742, 22.87680343141491, -7.4515091223829515 
81, 0.22068321704864502, -1.090808391571045, -0.8359036445617676, 1.8021240234375, -0.190155029296875, -0.705596923828125, 95.73734560107177, 34.7685196543837, -8.480129327415337 
82, 0.2929377555847168, -1.433919906616211, -0.7567338943481445, 1.51373291015625, 0.258453369140625, -0.64044189453125, 91.62763143735079, 44.60999907068862, -6.5080232709273975 
83, 0.14614294469356537, -1.5543231964111328, -0.6730070114135742, 1.386627197265625, 0.00103759765625, -0.47808837890625, 85.88457061018474, 55.84191236158174, -0.1709836376232214 
84, 0.3144422471523285, -1.1867141723632812, 0.6969022750854492, 1.440032958984375, 0.002105712890625, -0.52935791015625, 79.41097305220363, 63.792548396997674, 5.356048322571586 
85, -1.0656359195709229, -1.4256000518798828, -0.9402885437011719, 0.931610107421875, -0.081207275390625, -0.11279296875, 69.41887113521052, 70.92232626868692, 14.086862877104734 
86, -1.1311182975769043, -0.4784221649169922, -1.6525013446807861, 0.03759765625, 0.00531005859375, -0.098907470703125, 62.348391905823654, 74.05198185313358, 19.388643595393514 
87, -0.9601669311523438, -0.6780557632446289, -1.2466046810150146, -0.608612060546875, 0.05657958984375, 0.27386474609375, 62.73815957898793, 73.15352075069144, 18.265001514089015 
88, -0.5921622514724731, 0.0037431716918945312, -0.549898624420166, -0.905548095703125, 0.245635986328125, 0.170257568359375, 70.15104809312594, 69.39472990865347, 11.723656764354605 
89, -0.01690906286239624, -0.6020870208740234, 0.09695148468017578, -1.24200439453125, -0.072662353515625, 0.305908203125, 74.88125457537757, 64.04703252221552, 8.370970765586787 
90, 0.09127205610275269, -1.144080638885498, -0.16081476211547852, -1.490875244140625, -0.0438232421875, 0.294158935546875, 79.99344195132402, 55.28294162061232, 3.8086260083826273 
91, 0.2755941152572632, -0.4324007034301758, -0.6357731819152832, -1.3509521484375, -0.43048095703125, 0.287750244140625, 82.47346121416308, 46.6349123767394, 2.201858981207054 
92, -0.14217308163642883, -0.5151734352111816, -0.1759815216064453, -1.24200439453125, -0.350372314453125, 0.42767333984375, 85.69992961775993, 39.165405051955155, -2.105477032926708 
93, 0.19218522310256958, 0.1302189826965332, 0.3206939697265625, -1.24627685546875, 0.03094482421875, 0.46185302734375, 88.31972417596133, 30.304901197261056, -4.843823091432945 
94, -0.36485540866851807, 0.46423792839050293, 1.0408592224121094, -1.093536376953125, 0.2210693359375, 0.26104736328125, 90.4502430946672, 23.265840904748718, -5.359320552842712 
95, 0.23814254999160767, 0.012993335723876953, 0.7708349227905273, -0.9749755859375, 0.301177978515625, 0.0751953125, 91.34874659762706, 17.128588192513075, -4.185532307030891 
96, 0.7218590974807739, -0.04289889335632324, 1.205765724182129, -0.70794677734375, 0.2467041015625, -0.0743408203125, 91.43058254271907, 11.746227043085657, -2.357021051063758 
97, 1.034470796585083, 0.0013659000396728516, 2.6113510131835938, -0.059600830078125, -0.059844970703125, 0.1221923828125, 91.43200205243315, 8.0552782177559, -1.7216757839256929 
98, 1.088196873664856, 0.08375787734985352, 2.884521484375, 0.74041748046875, -0.07159423828125, 0.169189453125, 92.95908991148, 9.213824061644203, -2.5644781342390415 
99, 0.4929765462875366, 0.2039046287536621, 1.8514280319213867, 1.482757568359375, -0.111114501953125, -0.1341552734375, 94.49330962153829, 14.82551109978234, -3.139027499076219 
100, 0.13288408517837524, 0.0653996467590332, -0.01564788818359375, 1.969818115234375, -0.31939697265625, -0.37554931640625, 94.38443648090207, 26.341968103271356, -4.269114962294883 
101, 0.28601890802383423, -0.9138669967651367, -0.7058048248291016, 1.719879150390625, -0.158111572265625, -0.494110107421875, 92.51978045592027, 37.56772543654535, -4.947772781703875 
102, 0.06655500829219818, -0.9130663871765137, -0.770172119140625, 1.499847412109375, 0.35992431640625, -0.56353759765625, 88.51336876376513, 47.14556051193437, -2.4148242182885955 
103, 0.2798813283443451, -1.6413698196411133, -0.17326974868774414, 1.52655029296875, 0.1014404296875, -0.37554931640625, 83.86562905604912, 55.505257526306046, 2.959527778541055 
104, -0.06062817573547363, -1.2851238250732422, -0.9386639595031738, 1.335357666015625, -0.104705810546875, -0.3648681640625, 78.11953764568943, 63.622561880661294, 8.447398254090437 
105, -0.4321420192718506, -0.945612907409668, -0.49460649490356445, 0.746826171875, 0.02239990234375, -0.195037841796875, 67.74126870179113, 70.79333068505079, 17.485631475483157 
106, -0.7397228479385376, -0.36505126953125, -1.2061161994934082, 0.24908447265625, -0.22540283203125, 0.048492431640625, 58.88316087586171, 73.8713140140002, 25.13952828851556 
107, -0.5830175876617432, -0.54437255859375, -1.690380573272705, -0.75921630859375, -0.141021728515625, 0.1136474609375, 59.67104843730252, 74.02250161119123, 23.153560718199873 
108, -0.44317787885665894, 0.3869495391845703, 0.43179917335510254, -0.634246826171875, -0.048095703125, 0.3016357421875, 67.05980853200415, 70.39387861926707, 15.609263725939911 
109, -1.547455072402954, -1.3100471496582031, -0.8183186054229736, -1.04547119140625, 0.307586669921875, 0.21405029296875, 72.90301160553369, 66.95205657885705, 10.753114202691652 
110, -0.3827285170555115, -1.101797103881836, -2.703517436981201, -1.46630859375, -0.010711669921875, 0.279205322265625, 77.11648541197279, 60.77059714420628, 7.247569026226506 
111, -1.3279098272323608, -2.7684826850891113, -0.1354813575744629, -1.4107666015625, -0.079071044921875, 0.083740234375, 77.11648541197279, 60.77059714420628, 7.247569026226506 
112, 0.35791152715682983, -1.290055751800537, -0.14454936981201172, -1.215301513671875, -0.44329833984375, 0.3785400390625, 83.08311513171472, 42.94550340491167, 1.2503143216205765 
113, 0.6213713884353638, -0.26700878143310547, 0.6416149139404297, -1.358428955078125, -0.04168701171875, 0.471466064453125, 85.50004992228122, 35.534909097720266, -2.590547122179885 
114, 0.6926029920578003, -0.07958030700683594, 1.0244855880737305, -1.219573974609375, 0.01171875, 0.527008056640625, 88.0830533904507, 27.859627751236857, -4.162555098339936 
115, -0.18309199810028076, 0.5053448677062988, 0.7939424514770508, -1.0048828125, 0.115325927734375, 0.34222412109375, 90.61412132085009, 19.724766342218118, -4.719000709134401 
116, -0.14098697900772095, 0.2009899616241455, 0.5087213516235352, -0.9578857421875, 0.09716796875, 0.189483642578125, 92.08285857245907, 13.909169247406085, -4.290402144914089 
117, 0.7482777237892151, 0.08559215068817139, 2.087024688720703, -0.636383056640625, 0.04376220703125, 0.10723876953125, 92.82366149114746, 8.815064303933584, -3.9758060794817385 
118, 1.277562141418457, -0.24347317218780518, 2.557584762573242, 0.104888916015625, -0.012847900390625, 0.067718505859375, 93.60680095270996, 6.1344674934476044, -3.7949082402559693 
119, 0.9538342952728271, 0.0764930248260498, 2.651388168334961, 0.97113037109375, -0.076934814453125, -0.032684326171875, 94.62625615006519, 7.557303677495778, -4.291991202403491 
120, 0.22758698463439941, -0.1361081600189209, 0.6477251052856445, 1.626953125, -0.20404052734375, -0.318939208984375, 95.4319798713866, 15.069891816158744, -5.045733425671874 
121, 0.3969076871871948, -0.23253631591796875, 0.24084186553955078, 1.9302978515625, -0.294830322265625, -0.472747802734375, 94.76699964724538, 24.99769066901625, -6.15736702647076 
122, 0.33155232667922974, -0.8726053237915039, -0.38925838470458984, 1.618408203125, 0.123870849609375, -0.635101318359375, 92.56416668327526, 37.88656091762311, -6.8106727600013635 
123, 0.17251035571098328, -1.4207301139831543, -0.4900503158569336, 1.448577880859375, 0.12066650390625, -0.438568115234375, 87.18014786677699, 50.0217556492269, -1.7596147811740745 
124, -0.05782243609428406, -1.399815559387207, -0.46070194244384766, 1.258453369140625, -0.085479736328125, -0.425750732421875, 82.92898419122743, 58.14543929827728, 2.203746140123307 
125, 0.11616605520248413, -0.8118457794189453, -0.06136941909790039, 1.00958251953125, 0.003173828125, -0.4033203125, 76.39163606986291, 64.99076115479669, 7.532994734124097 
126, -0.7294596433639526, -0.30348682403564453, -0.07975125312805176, 0.666717529296875, 0.025604248046875, -0.141632080078125, 67.92886442808624, 70.1620074605496, 14.968170051753255 
127, -1.1867579221725464, -0.3587770462036133, -1.7054517269134521, -0.076690673828125, -0.004302978515625, -0.002777099609375, 61.983580873494326, 72.90936529370167, 20.2128827510858 
128, -0.8068954348564148, -0.47746944427490234, -0.7515506744384766, -0.589385986328125, 0.2509765625, 0.165985107421875, 63.209972796837896, 71.66932831935218, 18.599773812147028 
129, -0.503445565700531, -0.2091503143310547, -0.7528712749481201, -0.770965576171875, 0.064056396484375, 0.23114013671875, 68.83322059544871, 68.30807539164186, 14.367881281405143 
130, -0.22585564851760864, -0.8188886642456055, -1.3054075241088867, -0.990997314453125, 0.243499755859375, 0.1435546875, 74.8003364906886, 64.24491521155365, 9.619834444974328 
131, 0.5456899404525757, -0.3554859161376953, -1.5264177322387695, -1.232391357421875, -0.26812744140625, 0.086944580078125, 78.75432418210978, 58.30563024418116, 7.085305663807246 
132, 0.7141889333724976, -0.5699114799499512, -0.9416313171386719, -1.123443603515625, -0.094024658203125, 0.065582275390625, 82.74079455926584, 50.04940342459269, 3.2360296942888174 
133, 0.4420745074748993, 0.11059141159057617, -0.26427745819091797, -0.90020751953125, -0.455047607421875, 0.366790771484375, 84.57887954782242, 43.3644971614569, 1.228374408489105 
134, 0.05384927988052368, -0.869297981262207, -0.5797533988952637, -1.061492919921875, -0.175201416015625, 0.41912841796875, 86.8695562369479, 37.45251783251041, -2.0675623533760605 
135, 0.3644108772277832, -0.1143503189086914, 0.5804071426391602, -1.04974365234375, 0.09930419921875, 0.349700927734375, 88.76312080050397, 30.93013525883887, -4.0207460600461316 
136, 0.9885214567184448, 0.003011941909790039, 0.171783447265625, -1.035858154296875, 0.139892578125, 0.257843017578125, 90.54019385088323, 24.765925535935136, -4.444173601656274 
137, 0.7086793184280396, -0.03689241409301758, 0.45884227752685547, -0.84466552734375, 0.19970703125, 0.2076416015625, 91.72631354544819, 18.97272084255456, -4.258616136310618 
138, 0.26590973138809204, 0.2580759525299072, -0.24737930297851562, -0.800872802734375, 0.217864990234375, -0.0615234375, 92.48523992929127, 13.999764544431546, -3.465845796904771 
139, 1.0909574031829834, -0.09189760684967041, 0.7364511489868164, -0.654541015625, -0.029937744140625, -0.004913330078125, 92.19395417795786, 9.549155458861181, -2.402546350548552 
140, 0.8753397464752197, 0.05704236030578613, 2.7134571075439453, -0.078826904296875, -0.08868408203125, 0.135009765625, 92.53824121039513, 6.054713952672524, -3.0394581479168004 
141, 0.7862477898597717, 0.11892282962799072, 2.8267736434936523, 1.143096923828125, -0.133544921875, 0.039947509765625, 93.93811225767669, 7.685007973837073, -4.034688736145118 
142, 0.3036198616027832, -0.016849040985107422, 1.358755111694336, 1.720947265625, -0.188018798828125, -0.13629150390625, 95.29175900325522, 14.674484173510187, -5.110055805302329 
143, -0.18754708766937256, -0.21396827697753906, -0.5352382659912109, 1.8106689453125, -0.269195556640625, -0.4246826171875, 95.7123209072676, 24.734026893207417, -6.3583301107193435 
144, -0.020910322666168213, -0.8383798599243164, -0.5547690391540527, 1.457122802734375, -0.051300048828125, -0.618011474609375, 94.1885115161007, 35.30778689396535, -6.975831816322226 
145, 0.12840676307678223, -0.917823314666748, -0.5266757011413574, 1.153778076171875, 0.2894287109375, -0.59771728515625, 89.98348361827303, 43.828076782827665, -4.579552637833247 
146, -0.4375021159648895, -0.9423165321350098, -0.6493368148803711, 1.258453369140625, 0.008514404296875, -0.369140625, 89.98348361827303, 43.828076782827665, -4.579552637833247 
147, 0.5794656276702881, -1.0782556533813477, -0.1895580291748047, 1.241363525390625, -0.066253662109375, -0.4417724609375, 80.77351497624801, 59.13894331778824, 3.4183546898725927 
148, 0.010673820972442627, -0.8102426528930664, 0.03139305114746094, 0.905975341796875, -0.00537109375, -0.265533447265625, 73.58299848793577, 65.57695807589731, 10.027667666671684 
149, -0.7867833971977234, -0.502166748046875, -0.38163328170776367, 0.519317626953125, -0.17626953125, -0.172607421875, 66.82171866524071, 70.14619402192558, 15.686523355758121 
150, -0.5188311338424683, -0.37214183807373047, -0.6384787559509277, -0.136505126953125, -0.247833251953125, 0.001495361328125, 61.011296940424295, 72.04026427232598, 19.84154575483549 
151, -1.0092718601226807, -0.333740234375, -1.0452871322631836, -0.5733642578125, 0.168731689453125, 0.24395751953125, 61.87334720404465, 71.09293297148713, 17.781368158403208 
152, -0.7348529100418091, -0.7180118560791016, -1.4874978065490723, -1.0177001953125, 0.39837646484375, 0.305908203125, 68.61624762277752, 67.2311714865772, 12.004670445239466 
153, -0.7500959634780884, -0.7419147491455078, -1.1816716194152832, -1.211029052734375, 0.145233154296875, 0.232208251953125, 75.37200501502744, 61.34159659499709, 7.307858090318398 
154, -0.09359681606292725, -0.24196958541870117, -0.989924430847168, -1.134124755859375, 0.12493896484375, 0.285614013671875, 79.56328110710174, 53.98947421878121, 3.5935248932050845 
155, -0.29634687304496765, -0.2176060676574707, -0.5113511085510254, -1.2655029296875, -0.30230712890625, 0.042083740234375, 82.91393027959839, 46.79405303777338, 1.201272476449443 
156, 0.6147607564926147, -1.3262786865234375, -0.784182071685791, -1.010223388671875, -0.378143310546875, 0.544097900390625, 84.26903305578104, 39.844675772656274, -1.2945124025657961 
157, -0.3411262631416321, 0.05366230010986328, 0.5193872451782227, -1.167236328125, -0.134613037109375, 0.61138916015625, 87.89936742752673, 32.09174908443176, -5.321375754195516 
158, 0.24763071537017822, 0.32516980171203613, 0.12886905670166016, -1.234527587890625, 0.08221435546875, 0.38922119140625, 90.61384098569296, 24.9832409732684, -6.85332217546106 
159, 0.243799090385437, 0.05794477462768555, 1.0291337966918945, -0.920501708984375, -0.09295654296875, 0.152099609375, 92.02628714076111, 18.47718704395965, -7.5973058768726816 
160, 0.12789428234100342, -0.03876972198486328, 0.1333293914794922, -0.82330322265625, 0.0330810546875, 0.12646484375, 92.27832645216581, 13.248690578433507, -7.332745618743189 
161, 0.28460514545440674, -0.27731847763061523, 0.9996957778930664, -0.608612060546875, -0.1292724609375, 0.23541259765625, 92.8783682276004, 8.666610556232337, -7.148638608419506 
162, 0.9567145109176636, -0.05520343780517578, 3.2844018936157227, 0.211700439453125, -0.03741455078125, 0.109375, 94.37651416210807, 6.2353388923538695, -8.213047060042534 
163, 0.8013359308242798, 0.10302650928497314, 2.510986328125, 1.029876708984375, -0.0224609375, -0.25592041015625, 95.67389281716603, 8.881665812199724, -8.528068572109198 
164, 0.43583905696868896, 0.13485312461853027, 1.0175809860229492, 1.816009521484375, -0.184814453125, -0.387298583984375, 95.76769679694455, 16.41509788473634, -8.87445917287409 
165, 0.36104750633239746, -0.6360039710998535, -0.7307147979736328, 1.806396484375, -0.076934814453125, -0.596649169921875, 95.34972341600371, 27.024419149812424, -9.661098924648373 
166, 0.41851067543029785, -1.002448558807373, -1.269056797027588, 1.410125732421875, 0.2808837890625, -0.652191162109375, 92.27658504185018, 38.8311215580353, -8.127383406705865 
167, -0.18933415412902832, -0.9251809120178223, -0.5742254257202148, 1.213592529296875, 0.241363525390625, -0.447113037109375, 88.38489118745767, 46.70612148813343, -4.0842794582447075 
168, -0.024122118949890137, -0.7221221923828125, -0.42289209365844727, 1.16339111328125, 0.0458984375, -0.42681884765625, 84.17630644211853, 54.5636469299887, 0.4581195640420391 
169, -0.041053175926208496, -0.8423786163330078, -0.6107239723205566, 1.17620849609375, 0.209320068359375, -0.301849365234375, 78.94572505742025, 61.10726890045299, 5.172136217874937 
170, -0.29088032245635986, -0.5520410537719727, -0.40163207054138184, 0.846160888671875, 0.08221435546875, -0.314666748046875, 71.89988527490841, 66.69613815616813, 12.388796734934585 
171, -0.2957773208618164, -0.03303718566894531, -0.011708736419677734, 0.53961181640625, -0.065185546875, -0.289031982421875, 63.90080942879759, 70.34109492703875, 19.720290246924453 
172, -0.8068387508392334, -0.5979146957397461, -1.3446660041809082, 0.004486083984375, 0.0458984375, 0.050628662109375, 55.99983732028387, 72.53408835220215, 26.345145342755316 
173, -1.0810879468917847, -0.4341287612915039, -0.8921144008636475, -0.696197509765625, 0.091827392578125, 0.21832275390625, 58.495826976381224, 71.68313485425466, 23.704876332658266 
174, -0.1914219856262207, 0.3104686737060547, -0.06664490699768066, -0.926910400390625, 0.061920166015625, 0.257843017578125, 66.24217251570131, 67.54042053725378, 16.812907914883922 
175, -0.37238043546676636, 0.27872562408447266, 0.1551375389099121, -1.047607421875, -0.150634765625, 0.234344482421875, 73.1121587014368, 62.332533699221514, 11.01773965678117 
176, 0.4480084180831909, -0.6689333915710449, 0.21326828002929688, -1.366973876953125, -0.064117431640625, 0.20550537109375, 78.37293483509764, 54.595159594633834, 5.674242038045814 
177, -0.34525826573371887, -0.031668663024902344, 0.2411651611328125, -1.10101318359375, -0.262786865234375, 0.322998046875, 81.02870382336461, 46.964979008022425, 3.4159228092594263 
178, 0.6894240975379944, -0.973724365234375, 0.1095876693725586, -1.09246826171875, -0.104705810546875, 0.490692138671875, 84.00544701597227, 40.71098414563362, -0.6817583418288765 
179, -0.061044394969940186, -0.026821136474609375, 0.687443733215332, -1.1715087890625, -0.106842041015625, 0.4981689453125, 87.36188210566911, 32.769555573547144, -4.007200497298233 
180, 0.10587799549102783, 0.6986052989959717, 0.9558811187744141, -1.082855224609375, 0.0074462890625, 0.34222412109375, 89.63978645983106, 25.716502363077343, -5.183356226604869 
181, -0.6439186930656433, -0.648162841796875, -0.5961999893188477, -0.962158203125, 0.23388671875, 0.281341552734375, 91.30929492816374, 18.55367964153946, -5.027423750562321 
182, 0.6115938425064087, -0.5202277898788452, 0.1405954360961914, -0.944000244140625, 0.232818603515625, 0.078399658203125, 92.16801005535328, 12.60041982037951, -3.5800078949939884 
183, 0.9676682949066162, -0.16102242469787598, 1.0089035034179688, -0.642791748046875, -0.06732177734375, 0.1563720703125, 92.59923257441189, 7.558671352058565, -3.037317011607029 
184, 0.8729771971702576, 0.11626827716827393, 3.2819223403930664, 0.0162353515625, -0.194427490234375, 0.10723876953125, 93.67301569925613, 4.84942891229914, -3.9775250523115333 
185, 0.6277629137039185, 0.34176838397979736, 2.9744720458984375, 0.98822021484375, -0.10577392578125, -0.071136474609375, 94.82850296119442, 6.429087536137459, -5.023799694732382 
186, 0.40214067697525024, 0.011644363403320312, 0.7267036437988281, 1.68463134765625, -0.1292724609375, -0.387298583984375, 95.24196075010536, 12.90021049733676, -5.493495665479421 
187, 0.2659234404563904, -0.6754546165466309, -0.4054546356201172, 1.775421142578125, -0.168792724609375, -0.432159423828125, 93.86108058658608, 26.243055234050598, -6.083752701742675 
188, 0.3177946209907532, -1.0808453559875488, -0.7188072204589844, 1.4432373046875, 0.1612548828125, -0.605194091796875, 91.04634793916716, 37.73357379601813, -5.493394681389092 
189, -0.2529758810997009, -0.4109773635864258, -0.22127008438110352, 1.200775146484375, 0.24884033203125, -0.479156494140625, 87.06424156768222, 45.67720076974914, -1.716907764320998 
190, -0.04462960362434387, -1.092153549194336, -0.6242618560791016, 1.363128662109375, 0.0159912109375, -0.481292724609375, 83.12493332247989, 53.366824603281636, 2.3447622069580287 
191, 0.496846079826355, -1.5178155899047852, -0.11931371688842773, 1.275543212890625, -0.051300048828125, -0.440704345703125, 75.09831759549435, 62.112286489102964, 8.939669099224076 
192, -0.4475228786468506, -0.9024772644042969, -0.25409960746765137, 0.84722900390625, -0.000030517578125, -0.192901611328125, 66.9167217062979, 68.1702861416176, 16.316165537079044 
193, -0.8292086124420166, -0.5011539459228516, -0.7911584377288818, 0.254425048828125, -0.17413330078125, -0.21533203125, 57.15170514931731, 72.3510512265058, 24.93160169381131 
194, -0.33581221103668213, -0.30069446563720703, -0.7040305137634277, -0.298858642578125, 0.09930419921875, 0.112579345703125, 53.05158411654697, 72.85339666399594, 27.14783468498984 
195, -0.47890031337738037, -0.7467050552368164, -1.1609656810760498, -0.922637939453125, 0.207183837890625, 0.1905517578125, 58.14624202531002, 70.32708079899861, 23.068712081844467 
196, -0.25393950939178467, -0.4456491470336914, -1.3032736778259277, -1.133056640625, 0.134552001953125, 0.4639892578125, 67.28655046092588, 64.64424522505443, 16.03062992813698 
197, -0.04925096035003662, 0.04635334014892578, 0.3233633041381836, -1.330657958984375, -0.07586669921875, 0.425537109375, 74.37853730320784, 58.01672696695756, 9.892510301678028 
198, 0.3490321636199951, -0.6898379325866699, -0.5966877937316895, -1.191802978515625, 0.14630126953125, 0.26104736328125, 80.02065208470385, 51.04372861267214, 4.542476019927652 
199, 0.718373715877533, -0.12966632843017578, -0.37728118896484375, -1.042266845703125, -0.54583740234375, 0.493896484375, 83.31251503432941, 43.77388938561648, 2.033488832646329 
200, 0.024984210729599, -0.008994102478027344, -0.1868724822998047, -1.326385498046875, -0.087615966796875, 0.324066162109375, 86.21354873149221, 36.71528354032613, -2.0492989747220185 
201, 0.28397583961486816, 0.4756622314453125, 0.4403505325317383, -1.1629638671875, -0.040618896484375, 0.580413818359375, 88.95195029313244, 27.69841315368028, -4.130933602166545 
202, 0.8227102160453796, 0.17450618743896484, 0.684199333190918, -1.044403076171875, 0.232818603515625, 0.2418212890625, 91.81934087768362, 19.8972642963742, -4.776934385944167 
203, 1.4633941650390625, -0.0056438446044921875, 0.8186683654785156, -0.7955322265625, 0.108917236328125, 0.21405029296875, 92.86143419543552, 14.06940413991612, -4.140270459047729 
204, 1.2430851459503174, 0.04407620429992676, 2.419377326965332, -0.484710693359375, -0.16131591796875, 0.18414306640625, 93.99689189202324, 9.887804657869792, -4.785311616839142 
205, 0.6566109657287598, 0.39614200592041016, 3.150369644165039, 0.275787353515625, -0.102569580078125, 0.212982177734375, 95.23349736789436, 8.522269478460442, -6.1327354388535165 
206, 0.5977699756622314, 0.25886011123657227, 2.8232717514038086, 1.079010009765625, -0.099365234375, -0.11492919921875, 97.01044113783193, 11.823431295492114, -7.097286037284747 
207, 0.0490185022354126, 0.3750729560852051, 1.419203758239746, 1.681427001953125, -0.193359375, -0.474884033203125, 97.09286992480901, 19.471489285278388, -7.493726908513829 
208, 0.16725921630859375, -0.36018991470336914, -0.3826112747192383, 1.863006591796875, -0.102569580078125, -0.675689697265625, 95.71087987899547, 30.104042358887607, -7.961083575387949 
209, 0.20037925243377686, -1.2038707733154297, -0.9288845062255859, 1.49664306640625, 0.3236083984375, -0.85406494140625, 92.06283844256528, 40.87864567928978, -6.069625394868201 
210, 0.12605637311935425, -1.7843718528747559, -0.9327392578125, 1.48809814453125, 0.2979736328125, -0.5357666015625, 92.06283844256528, 40.87864567928978, -6.069625394868201 
211, 0.38716351985931396, -1.5070457458496094, -0.5093979835510254, 1.396240234375, -0.11004638671875, -0.474884033203125, 79.30585573828898, 59.21921553105914, 6.7784688728738285 
212, 0.3048638701438904, -0.9601631164550781, -0.9303989410400391, 1.31292724609375, -0.10577392578125, -0.172607421875, 72.19477960296084, 66.71753885569584, 12.390343845578842 
213, -0.6378768682479858, 0.1064138412475586, -0.6694605350494385, 0.5203857421875, -0.166656494140625, -0.2879638671875, 60.402837133059336, 72.65357073965303, 23.097164732142986 
214, -1.4666481018066406, -0.2377033233642578, -1.2744462490081787, -0.1033935546875, 0.040557861328125, 0.0623779296875, 54.15189875131479, 74.13966812623016, 27.822403533249965 
215, -0.6626709699630737, -1.1887264251708984, -0.7588014602661133, -0.8468017578125, 0.042694091796875, 0.26104736328125, 57.74311628124611, 72.29207769512408, 24.015968481600893 
216, -0.6248661875724792, -0.720677375793457, -2.492621898651123, -0.969635009765625, 0.19329833984375, 0.251434326171875, 66.37845927446014, 68.10354142664201, 16.184324693654442 
217, -0.5400816798210144, 0.3649139404296875, -1.9634761810302734, -1.2398681640625, -0.070526123046875, 0.309112548828125, 73.3321621664539, 61.78535899089616, 10.290505879806458 
218, 0.45046550035476685, 0.06331014633178711, 0.3841862678527832, -1.40863037109375, -0.14422607421875, 0.271728515625, 78.00663597656121, 54.445144451297985, 5.696267306277321 
219, -0.8847576975822449, -0.5026512145996094, 0.43171072006225586, -1.21636962890625, -0.22967529296875, 0.157440185546875, 81.28441009530722, 46.87688246128866, 3.034944256342172 
220, -0.3129723072052002, -0.8942079544067383, 0.3704218864440918, -1.219573974609375, -0.170928955078125, 0.522735595703125, 83.9487326498158, 39.027803885853025, -1.6967621270437492 
221, 0.12634766101837158, 0.2798027992248535, 1.069563865661621, -1.097808837890625, 0.027740478515625, 0.41058349609375, 86.89374880089721, 32.005497194395446, -4.649125084393927 
222, 0.47925448417663574, 0.3038032054901123, 0.8510007858276367, -1.211029052734375, 0.19970703125, 0.353973388671875, 88.6667291413348, 25.2015054181802, -4.753740968079625 
223, 1.2854387760162354, -0.30274343490600586, 0.8284797668457031, -0.9407958984375, 0.192230224609375, 0.567596435546875, 90.96616315967147, 18.577193616047648, -4.57603402979795 
224, 1.487550973892212, -0.3315161466598511, 0.8121614456176758, -0.8468017578125, 0.02667236328125, -0.036956787109375, 93.58411305520156, 12.260848932369571, -4.050603445540749 
225, 1.2510511875152588, -0.2629152536392212, 2.0986270904541016, -0.40673828125, -0.07159423828125, 0.07733154296875, 93.35501490063545, 7.948690051724963, -3.9690512712913 
226, 1.526678442955017, 0.3548710346221924, 4.2805070877075195, 0.74468994140625, -0.00537109375, -0.00811767578125, 94.23103386000732, 7.253506788203585, -4.733830442448136 
227, 0.2034473419189453, 0.542041540145874, 1.3491096496582031, 1.809600830078125, -0.273468017578125, -0.406524658203125, 95.13098881817535, 13.831610817413798, -5.365529201675962 
228, 0.15734124183654785, 0.0889444351196289, 0.10657978057861328, 2.136444091796875, -0.341827392578125, -0.51654052734375, 94.38301611317222, 24.74857722437513, -6.5430365908882875 
229, -0.13572078943252563, -0.8346447944641113, -1.0131897926330566, 1.772216796875, -0.07159423828125, -0.618011474609375, 92.13276291164553, 38.95386440037493, -7.458398325139782 
230, -0.17728975415229797, -1.2730989456176758, -1.0240111351013184, 1.271270751953125, 0.173004150390625, -0.498382568359375, 87.2568101108796, 49.91451054629443, -4.088004855872562 
231, 0.09859184920787811, -1.1670093536376953, -0.6401066780090332, 1.1356201171875, 0.286224365234375, -0.27728271484375, 83.7722144169968, 57.31242906308958, -0.36639664872974065 
232, -0.3221937417984009, -0.8979530334472656, -0.3668327331542969, 1.06085205078125, 0.1484375, -0.628692626953125, 78.90679301017582, 63.556455720389216, 5.232914285987311 
233, -0.6013994216918945, -0.6399965286254883, -0.43076610565185547, 0.8621826171875, -0.1591796875, -0.4716796875, 66.09972075642551, 67.45933682485452, 18.04353476624752 
234, -1.3783154487609863, -0.6538619995117188, -0.7540712356567383, 0.5802001953125, -0.085479736328125, -0.013458251953125, 56.15424527846757, 72.3494855845367, 25.85128123917278 
235, -0.883284330368042, -0.3997220993041992, -0.9088518619537354, -0.337310791015625, -0.004302978515625, 0.109375, 52.05045021411911, 73.25965377985202, 28.37438039078725 
236, -0.6626919507980347, 0.6264314651489258, -0.9344022274017334, -0.500732421875, 0.2125244140625, -0.052978515625, 54.84589137575575, 71.49257722606126, 25.514214562593438 
237, 0.030205965042114258, -1.13934326171875, -0.4601626396179199, -0.837188720703125, 0.05230712890625, 0.321929931640625, 60.012451974268444, 68.5702138744312, 21.30802423216359 
238, 0.45696163177490234, -1.4798192977905273, -0.8987174034118652, -1.1544189453125, 0.15484619140625, 0.357177734375, 67.6913951756316, 63.164838035468634, 14.754588897858909 
239, -0.7345470190048218, -0.19901180267333984, -0.722022533416748, -1.3125, -0.1719970703125, 0.52166748046875, 74.82699930193456, 56.24176215592673, 9.189162436588735 
240, -0.7825775146484375, 0.40232133865356445, -0.16220951080322266, -1.150146484375, -0.4881591796875, 0.374267578125, 81.45138710702884, 47.48724717062915, 3.008743981586674 
241, -0.5849310159683228, -1.0028948783874512, -0.5250067710876465, -1.202484130859375, -0.346099853515625, 0.562255859375, 84.97412212395082, 39.62613756056819, -2.878230688201509 
242, -0.26934874057769775, -0.6312580108642578, 0.14253902435302734, -1.339202880859375, -0.143157958984375, 0.51312255859375, 87.77743608621877, 32.109568038921694, -6.485214652608787 
243, 0.502453088760376, -0.14694714546203613, 1.2431879043579102, -1.140533447265625, 0.03094482421875, 0.563323974609375, 89.97916983696845, 24.323935632225584, -7.773430305213421 
244, 0.4046891927719116, 0.6343755722045898, 0.669306755065918, -0.899139404296875, -0.40057373046875, 0.4981689453125, 93.25895469035565, 15.43220059145547, -8.521164084599643 
245, 0.7992441654205322, 0.17521405220031738, 1.9033012390136719, -0.705810546875, 0.113189697265625, 0.2247314453125, 94.64491161631014, 10.158626527086467, -10.213071879578026 
246, 1.7050741910934448, -0.029142379760742188, 3.5529680252075195, 0.15936279296875, -0.004302978515625, -0.05084228515625, 95.18137225845224, 7.011654631304987, -9.83932772506999 
247, 0.8818796873092651, 0.19487667083740234, 2.6727209091186523, 1.305450439453125, -0.10791015625, -0.26019287109375, 95.86695919797117, 9.724339143410404, -10.069138788354131 
248, 0.351833701133728, 0.24330997467041016, 1.057377815246582, 1.871551513671875, -0.2745361328125, -0.634033203125, 95.89903907399045, 19.9940841740581, -10.911319370699195 
249, 0.2085939645767212, -0.9431905746459961, -0.3171072006225586, 1.783966064453125, 0.054443359375, -0.805999755859375, 94.09904632013387, 31.261936813110527, -11.399758080966043 
250, -0.686150848865509, -1.338780403137207, -0.8700757026672363, 1.448577880859375, 0.43896484375, -0.82843017578125, 89.8466295900945, 41.54087026581391, -7.876537231406656 
251, -0.7057554125785828, -1.6015925407409668, -1.3856897354125977, 1.421875, 0.34710693359375, -0.607330322265625, 84.5956134131532, 50.2160048634438, -1.8926593574932236 
252, -0.7025865912437439, -1.2132530212402344, -0.13268041610717773, 1.322540283203125, 0.158050537109375, -0.4161376953125, 77.4152283939049, 59.13807783414748, 5.64541788468994 
253, -0.26339656114578247, -1.213576316833496, -0.8434429168701172, 1.08648681640625, 0.040557861328125, -0.18328857421875, 70.38420276635465, 66.14679177011946, 12.60670435587482 
254, -1.1286808252334595, -0.05109119415283203, -1.189208745956421, 0.24267578125, -0.331146240234375, -0.18115234375, 63.25661476060657, 70.7770910794627, 19.274704006575455 
255, -0.5908783674240112, -0.19593238830566406, -1.8168222904205322, -0.1845703125, -0.193359375, 0.033538818359375, 58.88013569135499, 71.40841396874482, 21.315529667065526 
256, -0.07665014266967773, -0.18010425567626953, -0.3884403705596924, -0.90234375, 0.093963623046875, 0.247161865234375, 62.07727971857838, 69.25266635585226, 17.508190818203047 
257, -0.12158769369125366, -0.2199840545654297, -1.0680794715881348, -1.138397216796875, 0.1826171875, 0.266387939453125, 69.0389974324705, 64.08423347174394, 12.15124951083415 
258, -0.16445577144622803, -0.6312179565429688, -1.159754753112793, -1.321044921875, -0.27667236328125, 0.26959228515625, 76.07373791803924, 56.531838280694075, 7.0710169275753 
259, -0.8021487593650818, -0.4262542724609375, 0.011227130889892578, -1.4449462890625, -0.034210205078125, 0.30804443359375, 79.72820669981722, 49.08190439122604, 3.4738182593428046 
260, 0.38411396741867065, -1.1654372215270996, 0.5677151679992676, -1.1416015625, -0.333282470703125, 0.255706787109375, 82.77657727437773, 41.902817093073885, 0.5154426304222022 
261, -0.1448650360107422, -0.32996416091918945, 0.6782426834106445, -1.06683349609375, -0.256378173828125, 0.407379150390625, 85.10153507660067, 34.588495265998006, -3.7945344705875814 
262, 0.5750210881233215, 0.20786237716674805, 0.20055484771728516, -1.076446533203125, 0.059783935546875, 0.4896240234375, 87.66084674398657, 27.043696563007614, -6.216347376119659 
263, 1.3345715999603271, 0.008033514022827148, 0.4406871795654297, -1.093536376953125, 0.1441650390625, 0.418060302734375, 89.91101700990441, 20.384941568112517, -6.918042760481349 
264, 1.3646997213363647, 0.2598116397857666, 0.8705177307128906, -0.982452392578125, 0.1697998046875, 0.227935791015625, 91.5758910388989, 14.020663354228066, -6.724329857466702 
265, 0.6712100505828857, 0.12848353385925293, 0.8287801742553711, -0.606475830078125, -0.121795654296875, 0.165985107421875, 92.28713329761803, 8.870568755644161, -6.326842901363165 
266, 1.193014144897461, 0.3754713535308838, 3.323615074157715, -0.0435791015625, -0.15277099609375, 0.152099609375, 93.26479958373291, 6.156075164624678, -7.184273127207874 
267, 0.8035632371902466, -0.05364692211151123, 2.689009666442871, 0.9091796875, -0.061981201171875, -0.101043701171875, 94.39664215957693, 7.4795462481390445, -7.878539406070974 
268, -0.14537906646728516, 0.19396042823791504, 1.3954153060913086, 1.5201416015625, -0.10577392578125, -0.42254638671875, 94.78702154790467, 14.696775301537134, -8.060222818208311 
269, -0.027182340621948242, 0.2156839370727539, 0.3266172409057617, 1.754058837890625, -0.1549072265625, -0.517608642578125, 93.66521759320383, 24.281538459588916, -8.315733129449761 
270, 0.01269996166229248, -0.9322700500488281, -0.5077571868896484, 1.591705322265625, 0.00103759765625, -0.686370849609375, 91.7910892692693, 34.539327489402474, -8.219583923041027 
271, 0.048658788204193115, -1.3489646911621094, -0.5593013763427734, 1.23602294921875, 0.510528564453125, -0.566741943359375, 87.66589521689008, 43.475798906505, -5.051917133205045 
272, -0.3109652101993561, -0.7016363143920898, -0.8229479789733887, 1.413330078125, 0.273406982421875, -0.30291748046875, 83.61721406811648, 52.075205393606645, 0.8883912487853397 
273, -0.3777691721916199, -1.1082687377929688, -0.9531588554382324, 1.28515625, -0.012847900390625, -0.33709716796875, 79.87684030482485, 59.68557421957621, 5.394821039727025 
274, 0.02462637424468994, -1.44635009765625, -0.30411863327026367, 0.92840576171875, -0.126068115234375, -0.4417724609375, 72.61889824523347, 65.69539757671215, 11.911574590012844 
275, 0.15680921077728271, -0.49910736083984375, -0.04154348373413086, 0.743621826171875, -0.21685791015625, -0.301849365234375, 62.840401724562376, 69.56657411581872, 20.199814762536576 
276, 0.24102568626403809, -0.5164909362792969, 0.1511232852935791, 0.50970458984375, 0.010650634765625, -0.227081298828125, 51.55288333633302, 72.91582750441263, 29.676648604682008 
277, 0.40884149074554443, -0.14339923858642578, -0.5619728565216064, 0.37939453125, 0.237091064453125, -0.103179931640625, 43.170566325765925, 74.48482225788958, 37.72867020065491 
278, -1.314522385597229, 0.611241340637207, -1.4225010871887207, 0.14654541015625, -0.04168701171875, -0.1512451171875, 36.68846407001121, 75.6728256272357, 44.9818539799982 
279, 0.8799328804016113, 0.9995813369750977, -0.8220164775848389, -0.150390625, -0.389892578125, -0.235626220703125, 33.15676725610555, 75.0401356062671, 47.34519500683622 
280, -0.5982723236083984, 1.536595344543457, -1.1703600883483887, 0.196746826171875, -0.37921142578125, 0.029266357421875, 31.71942752885425, 73.68684324617367, 47.11413872712621 
281, -1.224520206451416, 0.16071510314941406, 0.24006438255310059, 0.017303466796875, -0.249969482421875, -0.18328857421875, 29.98403833048742, 73.25638168831344, 47.61630251131048 
282, -0.20800280570983887, 4.414527893066406, 0.9081246852874756, -0.283905029296875, 0.959136962890625, -0.82415771484375, 33.80020769768261, 71.07965793590078, 43.543840581667325 
283, 1.6868407726287842, 5.414098739624023, 0.10345911979675293, -0.529571533203125, -0.17413330078125, 1.07281494140625, 38.555945126608314, 71.46360452038822, 41.89602735146284 
284, -2.858989715576172, -3.0866165161132812, 0.3490777015686035, 0.414642333984375, 0.29156494140625, 0.178802490234375, 69.52743250089705, 74.71187048983266, 8.177058603182784 
285, -0.9968551397323608, -2.2938051223754883, 1.941638708114624, 0.9647216796875, -0.72314453125, 1.531036376953125, 97.54737104480053, 77.45421452060653, -21.714168265034356 
286, -0.9807623624801636, -1.2509346008300781, 3.2776994705200195, 1.81494140625, 1.446197509765625, -0.99932861328125, 349.4875146900789, 98.60272589010927, 82.27294099317075 
287, -0.0714423656463623, -0.7557315826416016, 1.6935555934906006, 2.1011962890625, 1.1097412109375, 3.78369140625, 28.05307802337398, 114.04991326679604, 38.29977932821411 
288, -5.571580410003662, -2.303114891052246, 0.0850374698638916, 3.6307373046875, -3.084747314453125, -1.522705078125, 9.756352226578691, 132.3528257514681, 60.33182306385176 
289, -0.7943935394287109, -1.7128629684448242, -2.975118398666382, 2.691864013671875, 4.719970703125, 0.81646728515625, 38.50385960042858, 141.18915137480192, 57.12514642276927 
290, 1.037886619567871, 1.3289012908935547, -7.867633819580078, -1.91278076171875, 4.122894287109375, 0.800445556640625, 46.449826039268636, 149.10606735364917, 78.81741346973642 
291, -0.43149852752685547, 1.366743564605713, -2.3523173332214355, -0.50286865234375, 1.9385986328125, 0.3785400390625, 222.68168971214794, 30.117954528018483, -82.3516111192757 
292, -0.43616676330566406, 0.4590892791748047, -2.038249969482422, -1.45562744140625, 0.8106689453125, -0.150177001953125, 220.3003277707511, 29.54866109951402, -71.55743202985573 
293, -1.435314655303955, 0.6299645900726318, 4.790210723876953, -0.48577880859375, 4.3482666015625, 2.9847412109375, 212.88699743237805, 19.537132527213867, -59.14470777592323 
294, 0.7806978225708008, -4.228055953979492, 5.9185028076171875, 0.213836669921875, -0.177337646484375, 0.2247314453125, 216.97772213940453, 6.343365635626218, -28.766981876789345 
295, 0.6509931087493896, 0.9274215698242188, -1.897359848022461, 0.587677001953125, 4.488189697265625, 0.767333984375, 219.86902820520743, 9.1086776013901, -14.543399006201337 
296, 0.20367181301116943, -0.9370228052139282, 0.11440086364746094, 0.439208984375, 1.954620361328125, 1.362274169921875, 228.11050926189327, 10.943415851303184, 2.2910703121617773 
297, -1.0928033590316772, -1.6388518810272217, 1.3624076843261719, 1.093963623046875, 0.70172119140625, 1.245849609375, 237.45083053209825, 14.098205354317434, 9.535369757974504 
298, -0.2675657272338867, -0.3745901584625244, -0.7640161514282227, 0.48834228515625, 0.3406982421875, 0.5921630859375, 244.32864137849853, 21.55917588445173, 13.705564143369884 
299, 0.09045910835266113, 0.24623680114746094, 0.0665283203125, 0.370849609375, 0.252044677734375, 0.11151123046875, 247.4210343803791, 24.796128211505813, 15.242806573160907 
300, -0.0028753280639648438, 0.8368139266967773, 0.2479248046875, 0.113433837890625, 0.128143310546875, -0.214263916015625, 247.56844426374346, 26.84876267587848, 16.695800490967542 
301, -0.16977739334106445, 0.38171863555908203, 1.32830810546875, 0.047210693359375, -0.04168701171875, -0.331756591796875, 245.7119251677027, 27.811476881431528, 18.36562971604944 
302, -0.15187954902648926, 0.1990189552307129, 0.11866283416748047, -0.038238525390625, -0.700714111328125, -0.29437255859375, 243.0155333108201, 27.686352692362213, 18.042482086549256 
303, -0.2678391933441162, 0.7369966506958008, -0.1516275405883789, 0.02691650390625, -0.31085205078125, -0.051910400390625, 241.4852545836227, 28.544257031489813, 15.49277100918902 
